config_id,geometry_ok,stl_ok,stl_path,stl_abs_path,stl_size_bytes,volume_mm3,volume_cm3,volume_m3,n_meshes,n_vertices,n_triangles,selected_output_name,all_output_names,output_summary,error_message,debug_json_path
132,True,True,stl\prop_132.stl,C:\Users\hecto\Desktop\bachelor-thesis\IDEAL-Propeller-Dataset\stl\prop_132.stl,2559284,31912.95,31.9129,3.1913e-05,1,28849,51184,MeshFinal,MeshLauncher; MeshRing; MeshProfile; MeshFinal; InnerProfile; MiddleProfile; OuterProfile; MeshSimpleInterface; MeshUntrimmedBlades,MeshLauncher(1); MeshRing(1); MeshProfile(5); MeshFinal(1); InnerProfile(1); MiddleProfile(1); OuterProfile(1); MeshSimpleInterface(1); MeshUntrimmedBlades(5),,
156,True,True,stl\prop_156.stl,C:\Users\hecto\Desktop\bachelor-thesis\IDEAL-Propeller-Dataset\stl\prop_156.stl,1728684,8551.44,8.5514,8.551e-06,1,19959,34572,MeshFinal,MeshLauncher; MeshRing; MeshProfile; MeshFinal; InnerProfile; MiddleProfile; OuterProfile; MeshSimpleInterface; MeshUntrimmedBlades,MeshLauncher(1); MeshRing(1); MeshProfile(4); MeshFinal(1); InnerProfile(1); MiddleProfile(1); OuterProfile(1); MeshSimpleInterface(1); MeshUntrimmedBlades(4),,
168,True,True,stl\prop_168.stl,C:\Users\hecto\Desktop\bachelor-thesis\IDEAL-Propeller-Dataset\stl\prop_168.stl,2496484,14356.79,14.3568,1.4357e-05,1,28418,49928,MeshFinal,MeshLauncher; MeshRing; MeshProfile; MeshFinal; InnerProfile; MiddleProfile; OuterProfile; MeshSimpleInterface; MeshUntrimmedBlades,MeshLauncher(1); MeshRing(1); MeshProfile(5); MeshFinal(1); InnerProfile(1); MiddleProfile(1); OuterProfile(1); MeshSimpleInterface(1); MeshUntrimmedBlades(5),,
192,True,True,stl\prop_192.stl,C:\Users\hecto\Desktop\bachelor-thesis\IDEAL-Propeller-Dataset\stl\prop_192.stl,2489884,27243.94,27.2439,2.7244e-05,1,27917,49796,MeshFinal,MeshLauncher; MeshRing; MeshProfile; MeshFinal; InnerProfile; MiddleProfile; OuterProfile; MeshSimpleInterface; MeshUntrimmedBlades,MeshLauncher(1); MeshRing(1); MeshProfile(5); MeshFinal(1); InnerProfile(1); MiddleProfile(1); OuterProfile(1); MeshSimpleInterface(1); MeshUntrimmedBlades(5),,
299,True,True,stl\prop_299.stl,C:\Users\hecto\Desktop\bachelor-thesis\IDEAL-Propeller-Dataset\stl\prop_299.stl,1870184,11973.26,11.9733,1.1973e-05,1,21581,37402,MeshFinal,MeshLauncher; MeshRing; MeshProfile; MeshFinal; InnerProfile; MiddleProfile; OuterProfile; MeshSimpleInterface; MeshUntrimmedBlades,MeshLauncher(1); MeshRing(1); MeshProfile(4); MeshFinal(1); InnerProfile(1); MiddleProfile(1); OuterProfile(1); MeshSimpleInterface(1); MeshUntrimmedBlades(4),,
329,True,True,stl\prop_329.stl,C:\Users\hecto\Desktop\bachelor-thesis\IDEAL-Propeller-Dataset\stl\prop_329.stl,1711184,15327.34,15.3273,1.5327e-05,1,19615,34222,MeshFinal,MeshLauncher; MeshRing; MeshProfile; MeshFinal; InnerProfile; MiddleProfile; OuterProfile; MeshSimpleInterface; MeshUntrimmedBlades,MeshLauncher(1); MeshRing(1); MeshProfile(4); MeshFinal(1); InnerProfile(1); MiddleProfile(1); OuterProfile(1); MeshSimpleInterface(1); MeshUntrimmedBlades(4),,
356,True,True,stl\prop_356.stl,C:\Users\hecto\Desktop\bachelor-thesis\IDEAL-Propeller-Dataset\stl\prop_356.stl,1599484,9863.06,9.8631,9.863e-06,1,18281,31988,MeshFinal,MeshLauncher; MeshRing; MeshProfile; MeshFinal; InnerProfile; MiddleProfile; OuterProfile; MeshSimpleInterface; MeshUntrimmedBlades,MeshLauncher(1); MeshRing(1); MeshProfile(3); MeshFinal(1); InnerProfile(1); MiddleProfile(1); OuterProfile(1); MeshSimpleInterface(1); MeshUntrimmedBlades(3),,
406,True,True,stl\prop_406.stl,C:\Users\hecto\Desktop\bachelor-thesis\IDEAL-Propeller-Dataset\stl\prop_406.stl,2078984,28510.81,28.5108,2.8511e-05,1,23386,41578,MeshFinal,MeshLauncher; MeshRing; MeshProfile; MeshFinal; InnerProfile; MiddleProfile; OuterProfile; MeshSimpleInterface; MeshUntrimmedBlades,MeshLauncher(1); MeshRing(1); MeshProfile(4); MeshFinal(1); InnerProfile(1); MiddleProfile(1); OuterProfile(1); MeshSimpleInterface(1); MeshUntrimmedBlades(4),,
427,True,True,stl\prop_427.stl,C:\Users\hecto\Desktop\bachelor-thesis\IDEAL-Propeller-Dataset\stl\prop_427.stl,2539084,15512.37,15.5124,1.5512e-05,1,29042,50780,MeshFinal,MeshLauncher; MeshRing; MeshProfile; MeshFinal; InnerProfile; MiddleProfile; OuterProfile; MeshSimpleInterface; MeshUntrimmedBlades,MeshLauncher(1); MeshRing(1); MeshProfile(6); MeshFinal(1); InnerProfile(1); MiddleProfile(1); OuterProfile(1); MeshSimpleInterface(1); MeshUntrimmedBlades(6),,
455,True,True,stl\prop_455.stl,C:\Users\hecto\Desktop\bachelor-thesis\IDEAL-Propeller-Dataset\stl\prop_455.stl,2333084,23246.05,23.246,2.3246e-05,1,26183,46660,MeshFinal,MeshLauncher; MeshRing; MeshProfile; MeshFinal; InnerProfile; MiddleProfile; OuterProfile; MeshSimpleInterface; MeshUntrimmedBlades,MeshLauncher(1); MeshRing(1); MeshProfile(4); MeshFinal(1); InnerProfile(1); MiddleProfile(1); OuterProfile(1); MeshSimpleInterface(1); MeshUntrimmedBlades(4),,
501,True,True,stl\prop_501.stl,C:\Users\hecto\Desktop\bachelor-thesis\IDEAL-Propeller-Dataset\stl\prop_501.stl,1923184,13607.43,13.6074,1.3607e-05,1,22053,38462,MeshFinal,MeshLauncher; MeshRing; MeshProfile; MeshFinal; InnerProfile; MiddleProfile; OuterProfile; MeshSimpleInterface; MeshUntrimmedBlades,MeshLauncher(1); MeshRing(1); MeshProfile(4); MeshFinal(1); InnerProfile(1); MiddleProfile(1); OuterProfile(1); MeshSimpleInterface(1); MeshUntrimmedBlades(4),,
598,True,True,stl\prop_598.stl,C:\Users\hecto\Desktop\bachelor-thesis\IDEAL-Propeller-Dataset\stl\prop_598.stl,1718584,15960.95,15.961,1.5961e-05,1,19937,34370,MeshFinal,MeshLauncher; MeshRing; MeshProfile; MeshFinal; InnerProfile; MiddleProfile; OuterProfile; MeshSimpleInterface; MeshUntrimmedBlades,MeshLauncher(1); MeshRing(1); MeshProfile(4); MeshFinal(1); InnerProfile(1); MiddleProfile(1); OuterProfile(1); MeshSimpleInterface(1); MeshUntrimmedBlades(4),,
606,True,True,stl\prop_606.stl,C:\Users\hecto\Desktop\bachelor-thesis\IDEAL-Propeller-Dataset\stl\prop_606.stl,1780084,31038.87,31.0389,3.1039e-05,1,20988,35600,MeshFinal,MeshLauncher; MeshRing; MeshProfile; MeshFinal; InnerProfile; MiddleProfile; OuterProfile; MeshSimpleInterface; MeshUntrimmedBlades,MeshLauncher(1); MeshRing(1); MeshProfile(5); MeshFinal(1); InnerProfile(1); MiddleProfile(1); OuterProfile(1); MeshSimpleInterface(1); MeshUntrimmedBlades(5),,
651,True,True,stl\prop_651.stl,C:\Users\hecto\Desktop\bachelor-thesis\IDEAL-Propeller-Dataset\stl\prop_651.stl,2361484,27522.61,27.5226,2.7523e-05,1,26524,47228,MeshFinal,MeshLauncher; MeshRing; MeshProfile; MeshFinal; InnerProfile; MiddleProfile; OuterProfile; MeshSimpleInterface; MeshUntrimmedBlades,MeshLauncher(1); MeshRing(1); MeshProfile(4); MeshFinal(1); InnerProfile(1); MiddleProfile(1); OuterProfile(1); MeshSimpleInterface(1); MeshUntrimmedBlades(4),,
691,True,True,stl\prop_691.stl,C:\Users\hecto\Desktop\bachelor-thesis\IDEAL-Propeller-Dataset\stl\prop_691.stl,2613384,23507.78,23.5078,2.3508e-05,1,29498,52266,MeshFinal,MeshLauncher; MeshRing; MeshProfile; MeshFinal; InnerProfile; MiddleProfile; OuterProfile; MeshSimpleInterface; MeshUntrimmedBlades,MeshLauncher(1); MeshRing(1); MeshProfile(5); MeshFinal(1); InnerProfile(1); MiddleProfile(1); OuterProfile(1); MeshSimpleInterface(1); MeshUntrimmedBlades(5),,
705,True,True,stl\prop_705.stl,C:\Users\hecto\Desktop\bachelor-thesis\IDEAL-Propeller-Dataset\stl\prop_705.stl,2276084,18711.42,18.7114,1.8711e-05,1,25979,45520,MeshFinal,MeshLauncher; MeshRing; MeshProfile; MeshFinal; InnerProfile; MiddleProfile; OuterProfile; MeshSimpleInterface; MeshUntrimmedBlades,MeshLauncher(1); MeshRing(1); MeshProfile(5); MeshFinal(1); InnerProfile(1); MiddleProfile(1); OuterProfile(1); MeshSimpleInterface(1); MeshUntrimmedBlades(5),,
836,True,True,stl\prop_836.stl,C:\Users\hecto\Desktop\bachelor-thesis\IDEAL-Propeller-Dataset\stl\prop_836.stl,2465484,13662.85,13.6628,1.3663e-05,1,27927,49308,MeshFinal,MeshLauncher; MeshRing; MeshProfile; MeshFinal; InnerProfile; MiddleProfile; OuterProfile; MeshSimpleInterface; MeshUntrimmedBlades,MeshLauncher(1); MeshRing(1); MeshProfile(5); MeshFinal(1); InnerProfile(1); MiddleProfile(1); OuterProfile(1); MeshSimpleInterface(1); MeshUntrimmedBlades(5),,
954,True,True,stl\prop_954.stl,C:\Users\hecto\Desktop\bachelor-thesis\IDEAL-Propeller-Dataset\stl\prop_954.stl,2338284,12744.57,12.7446,1.2745e-05,1,26550,46764,MeshFinal,MeshLauncher; MeshRing; MeshProfile; MeshFinal; InnerProfile; MiddleProfile; OuterProfile; MeshSimpleInterface; MeshUntrimmedBlades,MeshLauncher(1); MeshRing(1); MeshProfile(5); MeshFinal(1); InnerProfile(1); MiddleProfile(1); OuterProfile(1); MeshSimpleInterface(1); MeshUntrimmedBlades(5),,
1022,True,True,stl\prop_1022.stl,C:\Users\hecto\Desktop\bachelor-thesis\IDEAL-Propeller-Dataset\stl\prop_1022.stl,1984184,11217.68,11.2177,1.1218e-05,1,22615,39682,MeshFinal,MeshLauncher; MeshRing; MeshProfile; MeshFinal; InnerProfile; MiddleProfile; OuterProfile; MeshSimpleInterface; MeshUntrimmedBlades,MeshLauncher(1); MeshRing(1); MeshProfile(4); MeshFinal(1); InnerProfile(1); MiddleProfile(1); OuterProfile(1); MeshSimpleInterface(1); MeshUntrimmedBlades(4),,
1035,True,True,stl\prop_1035.stl,C:\Users\hecto\Desktop\bachelor-thesis\IDEAL-Propeller-Dataset\stl\prop_1035.stl,1872884,19054.15,19.0542,1.9054e-05,1,21569,37456,MeshFinal,MeshLauncher; MeshRing; MeshProfile; MeshFinal; InnerProfile; MiddleProfile; OuterProfile; MeshSimpleInterface; MeshUntrimmedBlades,MeshLauncher(1); MeshRing(1); MeshProfile(4); MeshFinal(1); InnerProfile(1); MiddleProfile(1); OuterProfile(1); MeshSimpleInterface(1); MeshUntrimmedBlades(4),,
1085,True,True,stl\prop_1085.stl,C:\Users\hecto\Desktop\bachelor-thesis\IDEAL-Propeller-Dataset\stl\prop_1085.stl,1820284,10233.9,10.2339,1.0234e-05,1,20781,36404,MeshFinal,MeshLauncher; MeshRing; MeshProfile; MeshFinal; InnerProfile; MiddleProfile; OuterProfile; MeshSimpleInterface; MeshUntrimmedBlades,MeshLauncher(1); MeshRing(1); MeshProfile(4); MeshFinal(1); InnerProfile(1); MiddleProfile(1); OuterProfile(1); MeshSimpleInterface(1); MeshUntrimmedBlades(4),,
1130,True,True,stl\prop_1130.stl,C:\Users\hecto\Desktop\bachelor-thesis\IDEAL-Propeller-Dataset\stl\prop_1130.stl,2024684,12393.15,12.3931,1.2393e-05,1,23341,40492,MeshFinal,MeshLauncher; MeshRing; MeshProfile; MeshFinal; InnerProfile; MiddleProfile; OuterProfile; MeshSimpleInterface; MeshUntrimmedBlades,MeshLauncher(1); MeshRing(1); MeshProfile(5); MeshFinal(1); InnerProfile(1); MiddleProfile(1); OuterProfile(1); MeshSimpleInterface(1); MeshUntrimmedBlades(5),,
1132,True,True,stl\prop_1132.stl,C:\Users\hecto\Desktop\bachelor-thesis\IDEAL-Propeller-Dataset\stl\prop_1132.stl,2851484,17263.88,17.2639,1.7264e-05,1,31800,57028,MeshFinal,MeshLauncher; MeshRing; MeshProfile; MeshFinal; InnerProfile; MiddleProfile; OuterProfile; MeshSimpleInterface; MeshUntrimmedBlades,MeshLauncher(1); MeshRing(1); MeshProfile(5); MeshFinal(1); InnerProfile(1); MiddleProfile(1); OuterProfile(1); MeshSimpleInterface(1); MeshUntrimmedBlades(5),,
1153,True,True,stl\prop_1153.stl,C:\Users\hecto\Desktop\bachelor-thesis\IDEAL-Propeller-Dataset\stl\prop_1153.stl,1852584,14469.62,14.4696,1.447e-05,1,21661,37050,MeshFinal,MeshLauncher; MeshRing; MeshProfile; MeshFinal; InnerProfile; MiddleProfile; OuterProfile; MeshSimpleInterface; MeshUntrimmedBlades,MeshLauncher(1); MeshRing(1); MeshProfile(5); MeshFinal(1); InnerProfile(1); MiddleProfile(1); OuterProfile(1); MeshSimpleInterface(1); MeshUntrimmedBlades(5),,
1213,True,True,stl\prop_1213.stl,C:\Users\hecto\Desktop\bachelor-thesis\IDEAL-Propeller-Dataset\stl\prop_1213.stl,2873784,21788.18,21.7882,2.1788e-05,1,32532,57474,MeshFinal,MeshLauncher; MeshRing; MeshProfile; MeshFinal; InnerProfile; MiddleProfile; OuterProfile; MeshSimpleInterface; MeshUntrimmedBlades,MeshLauncher(1); MeshRing(1); MeshProfile(5); MeshFinal(1); InnerProfile(1); MiddleProfile(1); OuterProfile(1); MeshSimpleInterface(1); MeshUntrimmedBlades(5),,
1236,True,True,stl\prop_1236.stl,C:\Users\hecto\Desktop\bachelor-thesis\IDEAL-Propeller-Dataset\stl\prop_1236.stl,2420684,22208.1,22.2081,2.2208e-05,1,27650,48412,MeshFinal,MeshLauncher; MeshRing; MeshProfile; MeshFinal; InnerProfile; MiddleProfile; OuterProfile; MeshSimpleInterface; MeshUntrimmedBlades,MeshLauncher(1); MeshRing(1); MeshProfile(6); MeshFinal(1); InnerProfile(1); MiddleProfile(1); OuterProfile(1); MeshSimpleInterface(1); MeshUntrimmedBlades(6),,
1259,True,True,stl\prop_1259.stl,C:\Users\hecto\Desktop\bachelor-thesis\IDEAL-Propeller-Dataset\stl\prop_1259.stl,2007184,13272.3,13.2723,1.3272e-05,1,23441,40142,MeshFinal,MeshLauncher; MeshRing; MeshProfile; MeshFinal; InnerProfile; MiddleProfile; OuterProfile; MeshSimpleInterface; MeshUntrimmedBlades,MeshLauncher(1); MeshRing(1); MeshProfile(6); MeshFinal(1); InnerProfile(1); MiddleProfile(1); OuterProfile(1); MeshSimpleInterface(1); MeshUntrimmedBlades(6),,
1324,True,True,stl\prop_1324.stl,C:\Users\hecto\Desktop\bachelor-thesis\IDEAL-Propeller-Dataset\stl\prop_1324.stl,1843884,7166.42,7.1664,7.166e-06,1,21425,36876,MeshFinal,MeshLauncher; MeshRing; MeshProfile; MeshFinal; InnerProfile; MiddleProfile; OuterProfile; MeshSimpleInterface; MeshUntrimmedBlades,MeshLauncher(1); MeshRing(1); MeshProfile(4); MeshFinal(1); InnerProfile(1); MiddleProfile(1); OuterProfile(1); MeshSimpleInterface(1); MeshUntrimmedBlades(4),,
1380,True,True,stl\prop_1380.stl,C:\Users\hecto\Desktop\bachelor-thesis\IDEAL-Propeller-Dataset\stl\prop_1380.stl,1701284,8529.99,8.53,8.53e-06,1,19511,34024,MeshFinal,MeshLauncher; MeshRing; MeshProfile; MeshFinal; InnerProfile; MiddleProfile; OuterProfile; MeshSimpleInterface; MeshUntrimmedBlades,MeshLauncher(1); MeshRing(1); MeshProfile(4); MeshFinal(1); InnerProfile(1); MiddleProfile(1); OuterProfile(1); MeshSimpleInterface(1); MeshUntrimmedBlades(4),,
1416,True,True,stl\prop_1416.stl,C:\Users\hecto\Desktop\bachelor-thesis\IDEAL-Propeller-Dataset\stl\prop_1416.stl,1345484,15433.53,15.4335,1.5434e-05,1,15945,26908,MeshFinal,MeshLauncher; MeshRing; MeshProfile; MeshFinal; InnerProfile; MiddleProfile; OuterProfile; MeshSimpleInterface; MeshUntrimmedBlades,MeshLauncher(1); MeshRing(1); MeshProfile(4); MeshFinal(1); InnerProfile(1); MiddleProfile(1); OuterProfile(1); MeshSimpleInterface(1); MeshUntrimmedBlades(4),,
1448,True,True,stl\prop_1448.stl,C:\Users\hecto\Desktop\bachelor-thesis\IDEAL-Propeller-Dataset\stl\prop_1448.stl,2529684,17906.24,17.9062,1.7906e-05,1,28519,50592,MeshFinal,MeshLauncher; MeshRing; MeshProfile; MeshFinal; InnerProfile; MiddleProfile; OuterProfile; MeshSimpleInterface; MeshUntrimmedBlades,MeshLauncher(1); MeshRing(1); MeshProfile(5); MeshFinal(1); InnerProfile(1); MiddleProfile(1); OuterProfile(1); MeshSimpleInterface(1); MeshUntrimmedBlades(5),,
1452,True,True,stl\prop_1452.stl,C:\Users\hecto\Desktop\bachelor-thesis\IDEAL-Propeller-Dataset\stl\prop_1452.stl,1931584,15877.57,15.8776,1.5878e-05,1,22130,38630,MeshFinal,MeshLauncher; MeshRing; MeshProfile; MeshFinal; InnerProfile; MiddleProfile; OuterProfile; MeshSimpleInterface; MeshUntrimmedBlades,MeshLauncher(1); MeshRing(1); MeshProfile(4); MeshFinal(1); InnerProfile(1); MiddleProfile(1); OuterProfile(1); MeshSimpleInterface(1); MeshUntrimmedBlades(4),,
1459,True,True,stl\prop_1459.stl,C:\Users\hecto\Desktop\bachelor-thesis\IDEAL-Propeller-Dataset\stl\prop_1459.stl,2233384,16773.2,16.7732,1.6773e-05,1,25140,44666,MeshFinal,MeshLauncher; MeshRing; MeshProfile; MeshFinal; InnerProfile; MiddleProfile; OuterProfile; MeshSimpleInterface; MeshUntrimmedBlades,MeshLauncher(1); MeshRing(1); MeshProfile(4); MeshFinal(1); InnerProfile(1); MiddleProfile(1); OuterProfile(1); MeshSimpleInterface(1); MeshUntrimmedBlades(4),,
1468,True,True,stl\prop_1468.stl,C:\Users\hecto\Desktop\bachelor-thesis\IDEAL-Propeller-Dataset\stl\prop_1468.stl,1560484,18905.03,18.905,1.8905e-05,1,18109,31208,MeshFinal,MeshLauncher; MeshRing; MeshProfile; MeshFinal; InnerProfile; MiddleProfile; OuterProfile; MeshSimpleInterface; MeshUntrimmedBlades,MeshLauncher(1); MeshRing(1); MeshProfile(3); MeshFinal(1); InnerProfile(1); MiddleProfile(1); OuterProfile(1); MeshSimpleInterface(1); MeshUntrimmedBlades(3),,
1481,True,True,stl\prop_1481.stl,C:\Users\hecto\Desktop\bachelor-thesis\IDEAL-Propeller-Dataset\stl\prop_1481.stl,2045584,21535.24,21.5352,2.1535e-05,1,23342,40910,MeshFinal,MeshLauncher; MeshRing; MeshProfile; MeshFinal; InnerProfile; MiddleProfile; OuterProfile; MeshSimpleInterface; MeshUntrimmedBlades,MeshLauncher(1); MeshRing(1); MeshProfile(5); MeshFinal(1); InnerProfile(1); MiddleProfile(1); OuterProfile(1); MeshSimpleInterface(1); MeshUntrimmedBlades(5),,
1495,True,True,stl\prop_1495.stl,C:\Users\hecto\Desktop\bachelor-thesis\IDEAL-Propeller-Dataset\stl\prop_1495.stl,1958184,16220.5,16.2205,1.6221e-05,1,22452,39162,MeshFinal,MeshLauncher; MeshRing; MeshProfile; MeshFinal; InnerProfile; MiddleProfile; OuterProfile; MeshSimpleInterface; MeshUntrimmedBlades,MeshLauncher(1); MeshRing(1); MeshProfile(4); MeshFinal(1); InnerProfile(1); MiddleProfile(1); OuterProfile(1); MeshSimpleInterface(1); MeshUntrimmedBlades(4),,
1540,True,True,stl\prop_1540.stl,C:\Users\hecto\Desktop\bachelor-thesis\IDEAL-Propeller-Dataset\stl\prop_1540.stl,2098184,19908.77,19.9088,1.9909e-05,1,23845,41962,MeshFinal,MeshLauncher; MeshRing; MeshProfile; MeshFinal; InnerProfile; MiddleProfile; OuterProfile; MeshSimpleInterface; MeshUntrimmedBlades,MeshLauncher(1); MeshRing(1); MeshProfile(4); MeshFinal(1); InnerProfile(1); MiddleProfile(1); OuterProfile(1); MeshSimpleInterface(1); MeshUntrimmedBlades(4),,
1553,True,True,stl\prop_1553.stl,C:\Users\hecto\Desktop\bachelor-thesis\IDEAL-Propeller-Dataset\stl\prop_1553.stl,1923484,11038.57,11.0386,1.1039e-05,1,22149,38468,MeshFinal,MeshLauncher; MeshRing; MeshProfile; MeshFinal; InnerProfile; MiddleProfile; OuterProfile; MeshSimpleInterface; MeshUntrimmedBlades,MeshLauncher(1); MeshRing(1); MeshProfile(5); MeshFinal(1); InnerProfile(1); MiddleProfile(1); OuterProfile(1); MeshSimpleInterface(1); MeshUntrimmedBlades(5),,
1577,True,True,stl\prop_1577.stl,C:\Users\hecto\Desktop\bachelor-thesis\IDEAL-Propeller-Dataset\stl\prop_1577.stl,2065984,26289.26,26.2893,2.6289e-05,1,23471,41318,MeshFinal,MeshLauncher; MeshRing; MeshProfile; MeshFinal; InnerProfile; MiddleProfile; OuterProfile; MeshSimpleInterface; MeshUntrimmedBlades,MeshLauncher(1); MeshRing(1); MeshProfile(4); MeshFinal(1); InnerProfile(1); MiddleProfile(1); OuterProfile(1); MeshSimpleInterface(1); MeshUntrimmedBlades(4),,
1585,True,True,stl\prop_1585.stl,C:\Users\hecto\Desktop\bachelor-thesis\IDEAL-Propeller-Dataset\stl\prop_1585.stl,1814884,15305.01,15.305,1.5305e-05,1,20809,36296,MeshFinal,MeshLauncher; MeshRing; MeshProfile; MeshFinal; InnerProfile; MiddleProfile; OuterProfile; MeshSimpleInterface; MeshUntrimmedBlades,MeshLauncher(1); MeshRing(1); MeshProfile(4); MeshFinal(1); InnerProfile(1); MiddleProfile(1); OuterProfile(1); MeshSimpleInterface(1); MeshUntrimmedBlades(4),,
1744,True,True,stl\prop_1744.stl,C:\Users\hecto\Desktop\bachelor-thesis\IDEAL-Propeller-Dataset\stl\prop_1744.stl,2820384,17269.93,17.2699,1.727e-05,1,32004,56406,MeshFinal,MeshLauncher; MeshRing; MeshProfile; MeshFinal; InnerProfile; MiddleProfile; OuterProfile; MeshSimpleInterface; MeshUntrimmedBlades,MeshLauncher(1); MeshRing(1); MeshProfile(6); MeshFinal(1); InnerProfile(1); MiddleProfile(1); OuterProfile(1); MeshSimpleInterface(1); MeshUntrimmedBlades(6),,
1746,True,True,stl\prop_1746.stl,C:\Users\hecto\Desktop\bachelor-thesis\IDEAL-Propeller-Dataset\stl\prop_1746.stl,2308184,23669.74,23.6697,2.367e-05,1,25971,46162,MeshFinal,MeshLauncher; MeshRing; MeshProfile; MeshFinal; InnerProfile; MiddleProfile; OuterProfile; MeshSimpleInterface; MeshUntrimmedBlades,MeshLauncher(1); MeshRing(1); MeshProfile(5); MeshFinal(1); InnerProfile(1); MiddleProfile(1); OuterProfile(1); MeshSimpleInterface(1); MeshUntrimmedBlades(5),,
1811,True,True,stl\prop_1811.stl,C:\Users\hecto\Desktop\bachelor-thesis\IDEAL-Propeller-Dataset\stl\prop_1811.stl,1846484,14387.39,14.3874,1.4387e-05,1,21577,36928,MeshFinal,MeshLauncher; MeshRing; MeshProfile; MeshFinal; InnerProfile; MiddleProfile; OuterProfile; MeshSimpleInterface; MeshUntrimmedBlades,MeshLauncher(1); MeshRing(1); MeshProfile(5); MeshFinal(1); InnerProfile(1); MiddleProfile(1); OuterProfile(1); MeshSimpleInterface(1); MeshUntrimmedBlades(5),,
1837,True,True,stl\prop_1837.stl,C:\Users\hecto\Desktop\bachelor-thesis\IDEAL-Propeller-Dataset\stl\prop_1837.stl,2158484,28522.63,28.5226,2.8523e-05,1,24906,43168,MeshFinal,MeshLauncher; MeshRing; MeshProfile; MeshFinal; InnerProfile; MiddleProfile; OuterProfile; MeshSimpleInterface; MeshUntrimmedBlades,MeshLauncher(1); MeshRing(1); MeshProfile(5); MeshFinal(1); InnerProfile(1); MiddleProfile(1); OuterProfile(1); MeshSimpleInterface(1); MeshUntrimmedBlades(5),,
1861,True,True,stl\prop_1861.stl,C:\Users\hecto\Desktop\bachelor-thesis\IDEAL-Propeller-Dataset\stl\prop_1861.stl,2470584,23466.59,23.4666,2.3467e-05,1,27975,49410,MeshFinal,MeshLauncher; MeshRing; MeshProfile; MeshFinal; InnerProfile; MiddleProfile; OuterProfile; MeshSimpleInterface; MeshUntrimmedBlades,MeshLauncher(1); MeshRing(1); MeshProfile(5); MeshFinal(1); InnerProfile(1); MiddleProfile(1); OuterProfile(1); MeshSimpleInterface(1); MeshUntrimmedBlades(5),,
1879,True,True,stl\prop_1879.stl,C:\Users\hecto\Desktop\bachelor-thesis\IDEAL-Propeller-Dataset\stl\prop_1879.stl,1670684,12084.97,12.085,1.2085e-05,1,19437,33412,MeshFinal,MeshLauncher; MeshRing; MeshProfile; MeshFinal; InnerProfile; MiddleProfile; OuterProfile; MeshSimpleInterface; MeshUntrimmedBlades,MeshLauncher(1); MeshRing(1); MeshProfile(4); MeshFinal(1); InnerProfile(1); MiddleProfile(1); OuterProfile(1); MeshSimpleInterface(1); MeshUntrimmedBlades(4),,
2012,True,True,stl\prop_2012.stl,C:\Users\hecto\Desktop\bachelor-thesis\IDEAL-Propeller-Dataset\stl\prop_2012.stl,2547484,27502.64,27.5026,2.7503e-05,1,28681,50948,MeshFinal,MeshLauncher; MeshRing; MeshProfile; MeshFinal; InnerProfile; MiddleProfile; OuterProfile; MeshSimpleInterface; MeshUntrimmedBlades,MeshLauncher(1); MeshRing(1); MeshProfile(5); MeshFinal(1); InnerProfile(1); MiddleProfile(1); OuterProfile(1); MeshSimpleInterface(1); MeshUntrimmedBlades(5),,
2116,True,True,stl\prop_2116.stl,C:\Users\hecto\Desktop\bachelor-thesis\IDEAL-Propeller-Dataset\stl\prop_2116.stl,2263884,18626.14,18.6261,1.8626e-05,1,25589,45276,MeshFinal,MeshLauncher; MeshRing; MeshProfile; MeshFinal; InnerProfile; MiddleProfile; OuterProfile; MeshSimpleInterface; MeshUntrimmedBlades,MeshLauncher(1); MeshRing(1); MeshProfile(4); MeshFinal(1); InnerProfile(1); MiddleProfile(1); OuterProfile(1); MeshSimpleInterface(1); MeshUntrimmedBlades(4),,
2291,True,True,stl\prop_2291.stl,C:\Users\hecto\Desktop\bachelor-thesis\IDEAL-Propeller-Dataset\stl\prop_2291.stl,2349384,17537.54,17.5375,1.7538e-05,1,26724,46986,MeshFinal,MeshLauncher; MeshRing; MeshProfile; MeshFinal; InnerProfile; MiddleProfile; OuterProfile; MeshSimpleInterface; MeshUntrimmedBlades,MeshLauncher(1); MeshRing(1); MeshProfile(5); MeshFinal(1); InnerProfile(1); MiddleProfile(1); OuterProfile(1); MeshSimpleInterface(1); MeshUntrimmedBlades(5),,
2301,True,True,stl\prop_2301.stl,C:\Users\hecto\Desktop\bachelor-thesis\IDEAL-Propeller-Dataset\stl\prop_2301.stl,2067884,16222.4,16.2224,1.6222e-05,1,23583,41356,MeshFinal,MeshLauncher; MeshRing; MeshProfile; MeshFinal; InnerProfile; MiddleProfile; OuterProfile; MeshSimpleInterface; MeshUntrimmedBlades,MeshLauncher(1); MeshRing(1); MeshProfile(4); MeshFinal(1); InnerProfile(1); MiddleProfile(1); OuterProfile(1); MeshSimpleInterface(1); MeshUntrimmedBlades(4),,
2321,True,True,stl\prop_2321.stl,C:\Users\hecto\Desktop\bachelor-thesis\IDEAL-Propeller-Dataset\stl\prop_2321.stl,2218584,18103.6,18.1036,1.8104e-05,1,25557,44370,MeshFinal,MeshLauncher; MeshRing; MeshProfile; MeshFinal; InnerProfile; MiddleProfile; OuterProfile; MeshSimpleInterface; MeshUntrimmedBlades,MeshLauncher(1); MeshRing(1); MeshProfile(6); MeshFinal(1); InnerProfile(1); MiddleProfile(1); OuterProfile(1); MeshSimpleInterface(1); MeshUntrimmedBlades(6),,
2342,True,True,stl\prop_2342.stl,C:\Users\hecto\Desktop\bachelor-thesis\IDEAL-Propeller-Dataset\stl\prop_2342.stl,1885684,26098.86,26.0989,2.6099e-05,1,21618,37712,MeshFinal,MeshLauncher; MeshRing; MeshProfile; MeshFinal; InnerProfile; MiddleProfile; OuterProfile; MeshSimpleInterface; MeshUntrimmedBlades,MeshLauncher(1); MeshRing(1); MeshProfile(4); MeshFinal(1); InnerProfile(1); MiddleProfile(1); OuterProfile(1); MeshSimpleInterface(1); MeshUntrimmedBlades(4),,
2372,True,True,stl\prop_2372.stl,C:\Users\hecto\Desktop\bachelor-thesis\IDEAL-Propeller-Dataset\stl\prop_2372.stl,2101684,14091.54,14.0915,1.4092e-05,1,23878,42032,MeshFinal,MeshLauncher; MeshRing; MeshProfile; MeshFinal; InnerProfile; MiddleProfile; OuterProfile; MeshSimpleInterface; MeshUntrimmedBlades,MeshLauncher(1); MeshRing(1); MeshProfile(4); MeshFinal(1); InnerProfile(1); MiddleProfile(1); OuterProfile(1); MeshSimpleInterface(1); MeshUntrimmedBlades(4),,
2378,True,True,stl\prop_2378.stl,C:\Users\hecto\Desktop\bachelor-thesis\IDEAL-Propeller-Dataset\stl\prop_2378.stl,1447284,11493.29,11.4933,1.1493e-05,1,16787,28944,MeshFinal,MeshLauncher; MeshRing; MeshProfile; MeshFinal; InnerProfile; MiddleProfile; OuterProfile; MeshSimpleInterface; MeshUntrimmedBlades,MeshLauncher(1); MeshRing(1); MeshProfile(3); MeshFinal(1); InnerProfile(1); MiddleProfile(1); OuterProfile(1); MeshSimpleInterface(1); MeshUntrimmedBlades(3),,
2483,True,True,stl\prop_2483.stl,C:\Users\hecto\Desktop\bachelor-thesis\IDEAL-Propeller-Dataset\stl\prop_2483.stl,2253584,20448.26,20.4483,2.0448e-05,1,25446,45070,MeshFinal,MeshLauncher; MeshRing; MeshProfile; MeshFinal; InnerProfile; MiddleProfile; OuterProfile; MeshSimpleInterface; MeshUntrimmedBlades,MeshLauncher(1); MeshRing(1); MeshProfile(4); MeshFinal(1); InnerProfile(1); MiddleProfile(1); OuterProfile(1); MeshSimpleInterface(1); MeshUntrimmedBlades(4),,
2520,True,True,stl\prop_2520.stl,C:\Users\hecto\Desktop\bachelor-thesis\IDEAL-Propeller-Dataset\stl\prop_2520.stl,1869484,16740.48,16.7405,1.674e-05,1,21539,37388,MeshFinal,MeshLauncher; MeshRing; MeshProfile; MeshFinal; InnerProfile; MiddleProfile; OuterProfile; MeshSimpleInterface; MeshUntrimmedBlades,MeshLauncher(1); MeshRing(1); MeshProfile(5); MeshFinal(1); InnerProfile(1); MiddleProfile(1); OuterProfile(1); MeshSimpleInterface(1); MeshUntrimmedBlades(5),,
2688,True,True,stl\prop_2688.stl,C:\Users\hecto\Desktop\bachelor-thesis\IDEAL-Propeller-Dataset\stl\prop_2688.stl,1905484,10065.46,10.0655,1.0065e-05,1,22094,38108,MeshFinal,MeshLauncher; MeshRing; MeshProfile; MeshFinal; InnerProfile; MiddleProfile; OuterProfile; MeshSimpleInterface; MeshUntrimmedBlades,MeshLauncher(1); MeshRing(1); MeshProfile(5); MeshFinal(1); InnerProfile(1); MiddleProfile(1); OuterProfile(1); MeshSimpleInterface(1); MeshUntrimmedBlades(5),,
2715,True,True,stl\prop_2715.stl,C:\Users\hecto\Desktop\bachelor-thesis\IDEAL-Propeller-Dataset\stl\prop_2715.stl,2510084,17921.23,17.9212,1.7921e-05,1,28387,50200,MeshFinal,MeshLauncher; MeshRing; MeshProfile; MeshFinal; InnerProfile; MiddleProfile; OuterProfile; MeshSimpleInterface; MeshUntrimmedBlades,MeshLauncher(1); MeshRing(1); MeshProfile(6); MeshFinal(1); InnerProfile(1); MiddleProfile(1); OuterProfile(1); MeshSimpleInterface(1); MeshUntrimmedBlades(6),,
2739,True,True,stl\prop_2739.stl,C:\Users\hecto\Desktop\bachelor-thesis\IDEAL-Propeller-Dataset\stl\prop_2739.stl,2008784,14346.76,14.3468,1.4347e-05,1,23044,40174,MeshFinal,MeshLauncher; MeshRing; MeshProfile; MeshFinal; InnerProfile; MiddleProfile; OuterProfile; MeshSimpleInterface; MeshUntrimmedBlades,MeshLauncher(1); MeshRing(1); MeshProfile(5); MeshFinal(1); InnerProfile(1); MiddleProfile(1); OuterProfile(1); MeshSimpleInterface(1); MeshUntrimmedBlades(5),,
2796,True,True,stl\prop_2796.stl,C:\Users\hecto\Desktop\bachelor-thesis\IDEAL-Propeller-Dataset\stl\prop_2796.stl,1650784,11021.44,11.0214,1.1021e-05,1,19271,33014,MeshFinal,MeshLauncher; MeshRing; MeshProfile; MeshFinal; InnerProfile; MiddleProfile; OuterProfile; MeshSimpleInterface; MeshUntrimmedBlades,MeshLauncher(1); MeshRing(1); MeshProfile(4); MeshFinal(1); InnerProfile(1); MiddleProfile(1); OuterProfile(1); MeshSimpleInterface(1); MeshUntrimmedBlades(4),,
2840,True,True,stl\prop_2840.stl,C:\Users\hecto\Desktop\bachelor-thesis\IDEAL-Propeller-Dataset\stl\prop_2840.stl,1790084,20654.13,20.6541,2.0654e-05,1,20440,35800,MeshFinal,MeshLauncher; MeshRing; MeshProfile; MeshFinal; InnerProfile; MiddleProfile; OuterProfile; MeshSimpleInterface; MeshUntrimmedBlades,MeshLauncher(1); MeshRing(1); MeshProfile(3); MeshFinal(1); InnerProfile(1); MiddleProfile(1); OuterProfile(1); MeshSimpleInterface(1); MeshUntrimmedBlades(3),,
2873,True,True,stl\prop_2873.stl,C:\Users\hecto\Desktop\bachelor-thesis\IDEAL-Propeller-Dataset\stl\prop_2873.stl,2217284,16110.3,16.1103,1.611e-05,1,25618,44344,MeshFinal,MeshLauncher; MeshRing; MeshProfile; MeshFinal; InnerProfile; MiddleProfile; OuterProfile; MeshSimpleInterface; MeshUntrimmedBlades,MeshLauncher(1); MeshRing(1); MeshProfile(6); MeshFinal(1); InnerProfile(1); MiddleProfile(1); OuterProfile(1); MeshSimpleInterface(1); MeshUntrimmedBlades(6),,
2910,True,True,stl\prop_2910.stl,C:\Users\hecto\Desktop\bachelor-thesis\IDEAL-Propeller-Dataset\stl\prop_2910.stl,1719184,15246.08,15.2461,1.5246e-05,1,19720,34382,MeshFinal,MeshLauncher; MeshRing; MeshProfile; MeshFinal; InnerProfile; MiddleProfile; OuterProfile; MeshSimpleInterface; MeshUntrimmedBlades,MeshLauncher(1); MeshRing(1); MeshProfile(3); MeshFinal(1); InnerProfile(1); MiddleProfile(1); OuterProfile(1); MeshSimpleInterface(1); MeshUntrimmedBlades(3),,
2921,True,True,stl\prop_2921.stl,C:\Users\hecto\Desktop\bachelor-thesis\IDEAL-Propeller-Dataset\stl\prop_2921.stl,1934884,9016.65,9.0166,9.017e-06,1,22365,38696,MeshFinal,MeshLauncher; MeshRing; MeshProfile; MeshFinal; InnerProfile; MiddleProfile; OuterProfile; MeshSimpleInterface; MeshUntrimmedBlades,MeshLauncher(1); MeshRing(1); MeshProfile(5); MeshFinal(1); InnerProfile(1); MiddleProfile(1); OuterProfile(1); MeshSimpleInterface(1); MeshUntrimmedBlades(5),,
2940,True,True,stl\prop_2940.stl,C:\Users\hecto\Desktop\bachelor-thesis\IDEAL-Propeller-Dataset\stl\prop_2940.stl,1514684,7171.57,7.1716,7.172e-06,1,17761,30292,MeshFinal,MeshLauncher; MeshRing; MeshProfile; MeshFinal; InnerProfile; MiddleProfile; OuterProfile; MeshSimpleInterface; MeshUntrimmedBlades,MeshLauncher(1); MeshRing(1); MeshProfile(4); MeshFinal(1); InnerProfile(1); MiddleProfile(1); OuterProfile(1); MeshSimpleInterface(1); MeshUntrimmedBlades(4),,
2994,True,True,stl\prop_2994.stl,C:\Users\hecto\Desktop\bachelor-thesis\IDEAL-Propeller-Dataset\stl\prop_2994.stl,1743984,15595.34,15.5953,1.5595e-05,1,19967,34878,MeshFinal,MeshLauncher; MeshRing; MeshProfile; MeshFinal; InnerProfile; MiddleProfile; OuterProfile; MeshSimpleInterface; MeshUntrimmedBlades,MeshLauncher(1); MeshRing(1); MeshProfile(4); MeshFinal(1); InnerProfile(1); MiddleProfile(1); OuterProfile(1); MeshSimpleInterface(1); MeshUntrimmedBlades(4),,
3122,True,True,stl\prop_3122.stl,C:\Users\hecto\Desktop\bachelor-thesis\IDEAL-Propeller-Dataset\stl\prop_3122.stl,1853884,17763.96,17.764,1.7764e-05,1,21000,37076,MeshFinal,MeshLauncher; MeshRing; MeshProfile; MeshFinal; InnerProfile; MiddleProfile; OuterProfile; MeshSimpleInterface; MeshUntrimmedBlades,MeshLauncher(1); MeshRing(1); MeshProfile(3); MeshFinal(1); InnerProfile(1); MiddleProfile(1); OuterProfile(1); MeshSimpleInterface(1); MeshUntrimmedBlades(3),,
3142,True,True,stl\prop_3142.stl,C:\Users\hecto\Desktop\bachelor-thesis\IDEAL-Propeller-Dataset\stl\prop_3142.stl,2333384,13580.35,13.5804,1.358e-05,1,26550,46666,MeshFinal,MeshLauncher; MeshRing; MeshProfile; MeshFinal; InnerProfile; MiddleProfile; OuterProfile; MeshSimpleInterface; MeshUntrimmedBlades,MeshLauncher(1); MeshRing(1); MeshProfile(5); MeshFinal(1); InnerProfile(1); MiddleProfile(1); OuterProfile(1); MeshSimpleInterface(1); MeshUntrimmedBlades(5),,
3147,True,True,stl\prop_3147.stl,C:\Users\hecto\Desktop\bachelor-thesis\IDEAL-Propeller-Dataset\stl\prop_3147.stl,1877984,19442.71,19.4427,1.9443e-05,1,21923,37558,MeshFinal,MeshLauncher; MeshRing; MeshProfile; MeshFinal; InnerProfile; MiddleProfile; OuterProfile; MeshSimpleInterface; MeshUntrimmedBlades,MeshLauncher(1); MeshRing(1); MeshProfile(5); MeshFinal(1); InnerProfile(1); MiddleProfile(1); OuterProfile(1); MeshSimpleInterface(1); MeshUntrimmedBlades(5),,
3274,True,True,stl\prop_3274.stl,C:\Users\hecto\Desktop\bachelor-thesis\IDEAL-Propeller-Dataset\stl\prop_3274.stl,1448884,11319.64,11.3196,1.132e-05,1,16835,28976,MeshFinal,MeshLauncher; MeshRing; MeshProfile; MeshFinal; InnerProfile; MiddleProfile; OuterProfile; MeshSimpleInterface; MeshUntrimmedBlades,MeshLauncher(1); MeshRing(1); MeshProfile(3); MeshFinal(1); InnerProfile(1); MiddleProfile(1); OuterProfile(1); MeshSimpleInterface(1); MeshUntrimmedBlades(3),,
3302,True,True,stl\prop_3302.stl,C:\Users\hecto\Desktop\bachelor-thesis\IDEAL-Propeller-Dataset\stl\prop_3302.stl,1753384,19546.7,19.5467,1.9547e-05,1,20073,35066,MeshFinal,MeshLauncher; MeshRing; MeshProfile; MeshFinal; InnerProfile; MiddleProfile; OuterProfile; MeshSimpleInterface; MeshUntrimmedBlades,MeshLauncher(1); MeshRing(1); MeshProfile(3); MeshFinal(1); InnerProfile(1); MiddleProfile(1); OuterProfile(1); MeshSimpleInterface(1); MeshUntrimmedBlades(3),,
3462,True,True,stl\prop_3462.stl,C:\Users\hecto\Desktop\bachelor-thesis\IDEAL-Propeller-Dataset\stl\prop_3462.stl,1392784,13030.99,13.031,1.3031e-05,1,16539,27854,MeshFinal,MeshLauncher; MeshRing; MeshProfile; MeshFinal; InnerProfile; MiddleProfile; OuterProfile; MeshSimpleInterface; MeshUntrimmedBlades,MeshLauncher(1); MeshRing(1); MeshProfile(5); MeshFinal(1); InnerProfile(1); MiddleProfile(1); OuterProfile(1); MeshSimpleInterface(1); MeshUntrimmedBlades(5),,
3474,True,True,stl\prop_3474.stl,C:\Users\hecto\Desktop\bachelor-thesis\IDEAL-Propeller-Dataset\stl\prop_3474.stl,2021484,10979.3,10.9793,1.0979e-05,1,22974,40428,MeshFinal,MeshLauncher; MeshRing; MeshProfile; MeshFinal; InnerProfile; MiddleProfile; OuterProfile; MeshSimpleInterface; MeshUntrimmedBlades,MeshLauncher(1); MeshRing(1); MeshProfile(5); MeshFinal(1); InnerProfile(1); MiddleProfile(1); OuterProfile(1); MeshSimpleInterface(1); MeshUntrimmedBlades(5),,
3528,True,True,stl\prop_3528.stl,C:\Users\hecto\Desktop\bachelor-thesis\IDEAL-Propeller-Dataset\stl\prop_3528.stl,2970084,23496.4,23.4964,2.3496e-05,1,33371,59400,MeshFinal,MeshLauncher; MeshRing; MeshProfile; MeshFinal; InnerProfile; MiddleProfile; OuterProfile; MeshSimpleInterface; MeshUntrimmedBlades,MeshLauncher(1); MeshRing(1); MeshProfile(6); MeshFinal(1); InnerProfile(1); MiddleProfile(1); OuterProfile(1); MeshSimpleInterface(1); MeshUntrimmedBlades(6),,
3530,True,True,stl\prop_3530.stl,C:\Users\hecto\Desktop\bachelor-thesis\IDEAL-Propeller-Dataset\stl\prop_3530.stl,2375084,14672.05,14.672,1.4672e-05,1,26992,47500,MeshFinal,MeshLauncher; MeshRing; MeshProfile; MeshFinal; InnerProfile; MiddleProfile; OuterProfile; MeshSimpleInterface; MeshUntrimmedBlades,MeshLauncher(1); MeshRing(1); MeshProfile(5); MeshFinal(1); InnerProfile(1); MiddleProfile(1); OuterProfile(1); MeshSimpleInterface(1); MeshUntrimmedBlades(5),,
3543,True,True,stl\prop_3543.stl,C:\Users\hecto\Desktop\bachelor-thesis\IDEAL-Propeller-Dataset\stl\prop_3543.stl,1946684,17664.86,17.6649,1.7665e-05,1,22555,38932,MeshFinal,MeshLauncher; MeshRing; MeshProfile; MeshFinal; InnerProfile; MiddleProfile; OuterProfile; MeshSimpleInterface; MeshUntrimmedBlades,MeshLauncher(1); MeshRing(1); MeshProfile(5); MeshFinal(1); InnerProfile(1); MiddleProfile(1); OuterProfile(1); MeshSimpleInterface(1); MeshUntrimmedBlades(5),,
3562,True,True,stl\prop_3562.stl,C:\Users\hecto\Desktop\bachelor-thesis\IDEAL-Propeller-Dataset\stl\prop_3562.stl,1857984,17280.36,17.2804,1.728e-05,1,21466,37158,MeshFinal,MeshLauncher; MeshRing; MeshProfile; MeshFinal; InnerProfile; MiddleProfile; OuterProfile; MeshSimpleInterface; MeshUntrimmedBlades,MeshLauncher(1); MeshRing(1); MeshProfile(4); MeshFinal(1); InnerProfile(1); MiddleProfile(1); OuterProfile(1); MeshSimpleInterface(1); MeshUntrimmedBlades(4),,
3604,True,True,stl\prop_3604.stl,C:\Users\hecto\Desktop\bachelor-thesis\IDEAL-Propeller-Dataset\stl\prop_3604.stl,2023884,19696.59,19.6966,1.9697e-05,1,23122,40476,MeshFinal,MeshLauncher; MeshRing; MeshProfile; MeshFinal; InnerProfile; MiddleProfile; OuterProfile; MeshSimpleInterface; MeshUntrimmedBlades,MeshLauncher(1); MeshRing(1); MeshProfile(4); MeshFinal(1); InnerProfile(1); MiddleProfile(1); OuterProfile(1); MeshSimpleInterface(1); MeshUntrimmedBlades(4),,
3757,True,True,stl\prop_3757.stl,C:\Users\hecto\Desktop\bachelor-thesis\IDEAL-Propeller-Dataset\stl\prop_3757.stl,2368684,24773.26,24.7733,2.4773e-05,1,26774,47372,MeshFinal,MeshLauncher; MeshRing; MeshProfile; MeshFinal; InnerProfile; MiddleProfile; OuterProfile; MeshSimpleInterface; MeshUntrimmedBlades,MeshLauncher(1); MeshRing(1); MeshProfile(5); MeshFinal(1); InnerProfile(1); MiddleProfile(1); OuterProfile(1); MeshSimpleInterface(1); MeshUntrimmedBlades(5),,
4011,True,True,stl\prop_4011.stl,C:\Users\hecto\Desktop\bachelor-thesis\IDEAL-Propeller-Dataset\stl\prop_4011.stl,2149384,17691.38,17.6914,1.7691e-05,1,24917,42986,MeshFinal,MeshLauncher; MeshRing; MeshProfile; MeshFinal; InnerProfile; MiddleProfile; OuterProfile; MeshSimpleInterface; MeshUntrimmedBlades,MeshLauncher(1); MeshRing(1); MeshProfile(6); MeshFinal(1); InnerProfile(1); MiddleProfile(1); OuterProfile(1); MeshSimpleInterface(1); MeshUntrimmedBlades(6),,
4105,True,True,stl\prop_4105.stl,C:\Users\hecto\Desktop\bachelor-thesis\IDEAL-Propeller-Dataset\stl\prop_4105.stl,2800184,18231.77,18.2318,1.8232e-05,1,31517,56002,MeshFinal,MeshLauncher; MeshRing; MeshProfile; MeshFinal; InnerProfile; MiddleProfile; OuterProfile; MeshSimpleInterface; MeshUntrimmedBlades,MeshLauncher(1); MeshRing(1); MeshProfile(6); MeshFinal(1); InnerProfile(1); MiddleProfile(1); OuterProfile(1); MeshSimpleInterface(1); MeshUntrimmedBlades(6),,
4159,True,True,stl\prop_4159.stl,C:\Users\hecto\Desktop\bachelor-thesis\IDEAL-Propeller-Dataset\stl\prop_4159.stl,1984284,14699.68,14.6997,1.47e-05,1,22725,39684,MeshFinal,MeshLauncher; MeshRing; MeshProfile; MeshFinal; InnerProfile; MiddleProfile; OuterProfile; MeshSimpleInterface; MeshUntrimmedBlades,MeshLauncher(1); MeshRing(1); MeshProfile(4); MeshFinal(1); InnerProfile(1); MiddleProfile(1); OuterProfile(1); MeshSimpleInterface(1); MeshUntrimmedBlades(4),,
4175,True,True,stl\prop_4175.stl,C:\Users\hecto\Desktop\bachelor-thesis\IDEAL-Propeller-Dataset\stl\prop_4175.stl,1622884,15928.24,15.9282,1.5928e-05,1,18745,32456,MeshFinal,MeshLauncher; MeshRing; MeshProfile; MeshFinal; InnerProfile; MiddleProfile; OuterProfile; MeshSimpleInterface; MeshUntrimmedBlades,MeshLauncher(1); MeshRing(1); MeshProfile(4); MeshFinal(1); InnerProfile(1); MiddleProfile(1); OuterProfile(1); MeshSimpleInterface(1); MeshUntrimmedBlades(4),,
4190,True,True,stl\prop_4190.stl,C:\Users\hecto\Desktop\bachelor-thesis\IDEAL-Propeller-Dataset\stl\prop_4190.stl,2111384,23056.59,23.0566,2.3057e-05,1,24218,42226,MeshFinal,MeshLauncher; MeshRing; MeshProfile; MeshFinal; InnerProfile; MiddleProfile; OuterProfile; MeshSimpleInterface; MeshUntrimmedBlades,MeshLauncher(1); MeshRing(1); MeshProfile(5); MeshFinal(1); InnerProfile(1); MiddleProfile(1); OuterProfile(1); MeshSimpleInterface(1); MeshUntrimmedBlades(5),,
4275,True,True,stl\prop_4275.stl,C:\Users\hecto\Desktop\bachelor-thesis\IDEAL-Propeller-Dataset\stl\prop_4275.stl,2533084,34705.21,34.7052,3.4705e-05,1,28490,50660,MeshFinal,MeshLauncher; MeshRing; MeshProfile; MeshFinal; InnerProfile; MiddleProfile; OuterProfile; MeshSimpleInterface; MeshUntrimmedBlades,MeshLauncher(1); MeshRing(1); MeshProfile(5); MeshFinal(1); InnerProfile(1); MiddleProfile(1); OuterProfile(1); MeshSimpleInterface(1); MeshUntrimmedBlades(5),,
4351,True,True,stl\prop_4351.stl,C:\Users\hecto\Desktop\bachelor-thesis\IDEAL-Propeller-Dataset\stl\prop_4351.stl,2271784,20969.43,20.9694,2.0969e-05,1,25932,45434,MeshFinal,MeshLauncher; MeshRing; MeshProfile; MeshFinal; InnerProfile; MiddleProfile; OuterProfile; MeshSimpleInterface; MeshUntrimmedBlades,MeshLauncher(1); MeshRing(1); MeshProfile(5); MeshFinal(1); InnerProfile(1); MiddleProfile(1); OuterProfile(1); MeshSimpleInterface(1); MeshUntrimmedBlades(5),,
4514,True,True,stl\prop_4514.stl,C:\Users\hecto\Desktop\bachelor-thesis\IDEAL-Propeller-Dataset\stl\prop_4514.stl,1558984,7018.25,7.0183,7.018e-06,1,18252,31178,MeshFinal,MeshLauncher; MeshRing; MeshProfile; MeshFinal; InnerProfile; MiddleProfile; OuterProfile; MeshSimpleInterface; MeshUntrimmedBlades,MeshLauncher(1); MeshRing(1); MeshProfile(4); MeshFinal(1); InnerProfile(1); MiddleProfile(1); OuterProfile(1); MeshSimpleInterface(1); MeshUntrimmedBlades(4),,
4565,True,True,stl\prop_4565.stl,C:\Users\hecto\Desktop\bachelor-thesis\IDEAL-Propeller-Dataset\stl\prop_4565.stl,2263984,24240.88,24.2409,2.4241e-05,1,25783,45278,MeshFinal,MeshLauncher; MeshRing; MeshProfile; MeshFinal; InnerProfile; MiddleProfile; OuterProfile; MeshSimpleInterface; MeshUntrimmedBlades,MeshLauncher(1); MeshRing(1); MeshProfile(5); MeshFinal(1); InnerProfile(1); MiddleProfile(1); OuterProfile(1); MeshSimpleInterface(1); MeshUntrimmedBlades(5),,
4609,True,True,stl\prop_4609.stl,C:\Users\hecto\Desktop\bachelor-thesis\IDEAL-Propeller-Dataset\stl\prop_4609.stl,1762784,22639.19,22.6392,2.2639e-05,1,20504,35254,MeshFinal,MeshLauncher; MeshRing; MeshProfile; MeshFinal; InnerProfile; MiddleProfile; OuterProfile; MeshSimpleInterface; MeshUntrimmedBlades,MeshLauncher(1); MeshRing(1); MeshProfile(5); MeshFinal(1); InnerProfile(1); MiddleProfile(1); OuterProfile(1); MeshSimpleInterface(1); MeshUntrimmedBlades(5),,
4620,True,True,stl\prop_4620.stl,C:\Users\hecto\Desktop\bachelor-thesis\IDEAL-Propeller-Dataset\stl\prop_4620.stl,2197484,25923.73,25.9237,2.5924e-05,1,24854,43948,MeshFinal,MeshLauncher; MeshRing; MeshProfile; MeshFinal; InnerProfile; MiddleProfile; OuterProfile; MeshSimpleInterface; MeshUntrimmedBlades,MeshLauncher(1); MeshRing(1); MeshProfile(4); MeshFinal(1); InnerProfile(1); MiddleProfile(1); OuterProfile(1); MeshSimpleInterface(1); MeshUntrimmedBlades(4),,
4710,True,True,stl\prop_4710.stl,C:\Users\hecto\Desktop\bachelor-thesis\IDEAL-Propeller-Dataset\stl\prop_4710.stl,2220684,17110.55,17.1106,1.7111e-05,1,25281,44412,MeshFinal,MeshLauncher; MeshRing; MeshProfile; MeshFinal; InnerProfile; MiddleProfile; OuterProfile; MeshSimpleInterface; MeshUntrimmedBlades,MeshLauncher(1); MeshRing(1); MeshProfile(6); MeshFinal(1); InnerProfile(1); MiddleProfile(1); OuterProfile(1); MeshSimpleInterface(1); MeshUntrimmedBlades(6),,
4715,True,True,stl\prop_4715.stl,C:\Users\hecto\Desktop\bachelor-thesis\IDEAL-Propeller-Dataset\stl\prop_4715.stl,1852284,20565.25,20.5652,2.0565e-05,1,21636,37044,MeshFinal,MeshLauncher; MeshRing; MeshProfile; MeshFinal; InnerProfile; MiddleProfile; OuterProfile; MeshSimpleInterface; MeshUntrimmedBlades,MeshLauncher(1); MeshRing(1); MeshProfile(5); MeshFinal(1); InnerProfile(1); MiddleProfile(1); OuterProfile(1); MeshSimpleInterface(1); MeshUntrimmedBlades(5),,
4716,True,True,stl\prop_4716.stl,C:\Users\hecto\Desktop\bachelor-thesis\IDEAL-Propeller-Dataset\stl\prop_4716.stl,2175384,11257.89,11.2579,1.1258e-05,1,24460,43506,MeshFinal,MeshLauncher; MeshRing; MeshProfile; MeshFinal; InnerProfile; MiddleProfile; OuterProfile; MeshSimpleInterface; MeshUntrimmedBlades,MeshLauncher(1); MeshRing(1); MeshProfile(4); MeshFinal(1); InnerProfile(1); MiddleProfile(1); OuterProfile(1); MeshSimpleInterface(1); MeshUntrimmedBlades(4),,
4719,True,True,stl\prop_4719.stl,C:\Users\hecto\Desktop\bachelor-thesis\IDEAL-Propeller-Dataset\stl\prop_4719.stl,1566884,23289.99,23.29,2.329e-05,1,18328,31336,MeshFinal,MeshLauncher; MeshRing; MeshProfile; MeshFinal; InnerProfile; MiddleProfile; OuterProfile; MeshSimpleInterface; MeshUntrimmedBlades,MeshLauncher(1); MeshRing(1); MeshProfile(4); MeshFinal(1); InnerProfile(1); MiddleProfile(1); OuterProfile(1); MeshSimpleInterface(1); MeshUntrimmedBlades(4),,
4734,True,True,stl\prop_4734.stl,C:\Users\hecto\Desktop\bachelor-thesis\IDEAL-Propeller-Dataset\stl\prop_4734.stl,1942884,9673.92,9.6739,9.674e-06,1,22495,38856,MeshFinal,MeshLauncher; MeshRing; MeshProfile; MeshFinal; InnerProfile; MiddleProfile; OuterProfile; MeshSimpleInterface; MeshUntrimmedBlades,MeshLauncher(1); MeshRing(1); MeshProfile(5); MeshFinal(1); InnerProfile(1); MiddleProfile(1); OuterProfile(1); MeshSimpleInterface(1); MeshUntrimmedBlades(5),,
4779,True,True,stl\prop_4779.stl,C:\Users\hecto\Desktop\bachelor-thesis\IDEAL-Propeller-Dataset\stl\prop_4779.stl,2314484,14909.92,14.9099,1.491e-05,1,26363,46288,MeshFinal,MeshLauncher; MeshRing; MeshProfile; MeshFinal; InnerProfile; MiddleProfile; OuterProfile; MeshSimpleInterface; MeshUntrimmedBlades,MeshLauncher(1); MeshRing(1); MeshProfile(5); MeshFinal(1); InnerProfile(1); MiddleProfile(1); OuterProfile(1); MeshSimpleInterface(1); MeshUntrimmedBlades(5),,
4790,True,True,stl\prop_4790.stl,C:\Users\hecto\Desktop\bachelor-thesis\IDEAL-Propeller-Dataset\stl\prop_4790.stl,2664284,32066.24,32.0662,3.2066e-05,1,30021,53284,MeshFinal,MeshLauncher; MeshRing; MeshProfile; MeshFinal; InnerProfile; MiddleProfile; OuterProfile; MeshSimpleInterface; MeshUntrimmedBlades,MeshLauncher(1); MeshRing(1); MeshProfile(5); MeshFinal(1); InnerProfile(1); MiddleProfile(1); OuterProfile(1); MeshSimpleInterface(1); MeshUntrimmedBlades(5),,
4912,True,True,stl\prop_4912.stl,C:\Users\hecto\Desktop\bachelor-thesis\IDEAL-Propeller-Dataset\stl\prop_4912.stl,1774984,9222.16,9.2222,9.222e-06,1,20782,35498,MeshFinal,MeshLauncher; MeshRing; MeshProfile; MeshFinal; InnerProfile; MiddleProfile; OuterProfile; MeshSimpleInterface; MeshUntrimmedBlades,MeshLauncher(1); MeshRing(1); MeshProfile(5); MeshFinal(1); InnerProfile(1); MiddleProfile(1); OuterProfile(1); MeshSimpleInterface(1); MeshUntrimmedBlades(5),,
4988,True,True,stl\prop_4988.stl,C:\Users\hecto\Desktop\bachelor-thesis\IDEAL-Propeller-Dataset\stl\prop_4988.stl,1688984,8811.44,8.8114,8.811e-06,1,19515,33778,MeshFinal,MeshLauncher; MeshRing; MeshProfile; MeshFinal; InnerProfile; MiddleProfile; OuterProfile; MeshSimpleInterface; MeshUntrimmedBlades,MeshLauncher(1); MeshRing(1); MeshProfile(4); MeshFinal(1); InnerProfile(1); MiddleProfile(1); OuterProfile(1); MeshSimpleInterface(1); MeshUntrimmedBlades(4),,
4989,True,True,stl\prop_4989.stl,C:\Users\hecto\Desktop\bachelor-thesis\IDEAL-Propeller-Dataset\stl\prop_4989.stl,2368884,33707.69,33.7077,3.3708e-05,1,26922,47376,MeshFinal,MeshLauncher; MeshRing; MeshProfile; MeshFinal; InnerProfile; MiddleProfile; OuterProfile; MeshSimpleInterface; MeshUntrimmedBlades,MeshLauncher(1); MeshRing(1); MeshProfile(5); MeshFinal(1); InnerProfile(1); MiddleProfile(1); OuterProfile(1); MeshSimpleInterface(1); MeshUntrimmedBlades(5),,
